[[{"piece":{"piece_name":"__R0-0_","piece_color":"R","x_cord":2,"y_cord":2},"x":0,"y":0},{"piece":{"piece_name":"__0-1__","piece_color":"","x_cord":0,"y_cord":1},"x":0,"y":0},{"piece":{"piece_name":"_KR0-2_","piece_color":"R","x_cord":1,"y_cord":1},"x":0,"y":0},{"piece":{"piece_name":"__0-3__","piece_color":"","x_cord":0,"y_cord":3},"x":0,"y":0},{"piece":{"piece_name":"__0-4__","piece_color":"","x_cord":0,"y_cord":4},"x":0,"y":0},{"piece":{"piece_name":"__0-5__","piece_color":"","x_cord":0,"y_cord":5},"x":0,"y":0},{"piece":{"piece_name":"__0-6__","piece_color":"","x_cord":0,"y_cord":6},"x":0,"y":0},{"piece":{"piece_name":"__0-7__","piece_color":"","x_cord":0,"y_cord":7},"x":0,"y":0}],[{"piece":{"piece_name":"__1-0__","piece_color":"","x_cord":1,"y_cord":0},"x":0,"y":0},{"piece":{"piece_name":"__1-1__","piece_color":"","x_cord":1,"y_cord":1},"x":0,"y":0},{"piece":{"piece_name":"__1-2__","piece_color":"","x_cord":1,"y_cord":2},"x":0,"y":0},{"piece":{"piece_name":"__R0-2_","piece_color":"R","x_cord":1,"y_cord":3},"x":0,"y":0},{"piece":{"piece_name":"__1-4__","piece_color":"","x_cord":1,"y_cord":4},"x":0,"y":0},{"piece":{"piece_name":"__1-5__","piece_color":"","x_cord":1,"y_cord":5},"x":0,"y":0},{"piece":{"piece_name":"__1-6__","piece_color":"","x_cord":1,"y_cord":6},"x":0,"y":0},{"piece":{"piece_name":"__1-7__","piece_color":"","x_cord":1,"y_cord":7},"x":0,"y":0}],[{"piece":{"piece_name":"__2-0__","piece_color":"","x_cord":2,"y_cord":0},"x":0,"y":0},{"piece":{"piece_name":"__2-1__","piece_color":"","x_cord":2,"y_cord":1},"x":0,"y":0},{"piece":{"piece_name":"__2-2__","piece_color":"","x_cord":2,"y_cord":2},"x":0,"y":0},{"piece":{"piece_name":"__2-3__","piece_color":"","x_cord":2,"y_cord":3},"x":0,"y":0},{"piece":{"piece_name":"__2-4__","piece_color":"","x_cord":2,"y_cord":4},"x":0,"y":0},{"piece":{"piece_name":"__2-5__","piece_color":"","x_cord":2,"y_cord":5},"x":0,"y":0},{"piece":{"piece_name":"__2-6__","piece_color":"","x_cord":2,"y_cord":6},"x":0,"y":0},{"piece":{"piece_name":"__2-7__","piece_color":"","x_cord":2,"y_cord":7},"x":0,"y":0}],[{"piece":{"piece_name":"__3-0__","piece_color":"","x_cord":3,"y_cord":0},"x":0,"y":0},{"piece":{"piece_name":"__3-1__","piece_color":"","x_cord":3,"y_cord":1},"x":0,"y":0},{"piece":{"piece_name":"__3-2__","piece_color":"","x_cord":3,"y_cord":2},"x":0,"y":0},{"piece":{"piece_name":"__3-3__","piece_color":"","x_cord":3,"y_cord":3},"x":0,"y":0},{"piece":{"piece_name":"__3-4__","piece_color":"","x_cord":3,"y_cord":4},"x":0,"y":0},{"piece":{"piece_name":"__3-5__","piece_color":"","x_cord":3,"y_cord":5},"x":0,"y":0},{"piece":{"piece_name":"__3-6__","piece_color":"","x_cord":3,"y_cord":6},"x":0,"y":0},{"piece":{"piece_name":"__3-7__","piece_color":"","x_cord":3,"y_cord":7},"x":0,"y":0}],[{"piece":{"piece_name":"__4-0__","piece_color":"","x_cord":4,"y_cord":0},"x":0,"y":0},{"piece":{"piece_name":"__4-1__","piece_color":"","x_cord":4,"y_cord":1},"x":0,"y":0},{"piece":{"piece_name":"__4-2__","piece_color":"","x_cord":4,"y_cord":2},"x":0,"y":0},{"piece":{"piece_name":"__4-3__","piece_color":"","x_cord":4,"y_cord":3},"x":0,"y":0},{"piece":{"piece_name":"__4-4__","piece_color":"","x_cord":4,"y_cord":4},"x":0,"y":0},{"piece":{"piece_name":"__4-5__","piece_color":"","x_cord":4,"y_cord":5},"x":0,"y":0},{"piece":{"piece_name":"__4-6__","piece_color":"","x_cord":4,"y_cord":6},"x":0,"y":0},{"piece":{"piece_name":"__4-7__","piece_color":"","x_cord":4,"y_cord":7},"x":0,"y":0}],[{"piece":{"piece_name":"__5-0__","piece_color":"","x_cord":5,"y_cord":0},"x":0,"y":0},{"piece":{"piece_name":"__5-1__","piece_color":"","x_cord":5,"y_cord":1},"x":0,"y":0},{"piece":{"piece_name":"__W0-0_","piece_color":"W","x_cord":4,"y_cord":1},"x":0,"y":0},{"piece":{"piece_name":"__5-3__","piece_color":"","x_cord":5,"y_cord":3},"x":0,"y":0},{"piece":{"piece_name":"__5-4__","piece_color":"","x_cord":5,"y_cord":4},"x":0,"y":0},{"piece":{"piece_name":"__5-5__","piece_color":"","x_cord":5,"y_cord":5},"x":0,"y":0},{"piece":{"piece_name":"__5-6__","piece_color":"","x_cord":5,"y_cord":6},"x":0,"y":0},{"piece":{"piece_name":"__5-7__","piece_color":"","x_cord":5,"y_cord":7},"x":0,"y":0}],[{"piece":{"piece_name":"__6-0__","piece_color":"","x_cord":6,"y_cord":0},"x":0,"y":0},{"piece":{"piece_name":"__6-1__","piece_color":"","x_cord":6,"y_cord":1},"x":0,"y":0},{"piece":{"piece_name":"__6-2__","piece_color":"","x_cord":6,"y_cord":2},"x":0,"y":0},{"piece":{"piece_name":"__6-3__","piece_color":"","x_cord":6,"y_cord":3},"x":0,"y":0},{"piece":{"piece_name":"__6-4__","piece_color":"","x_cord":6,"y_cord":4},"x":0,"y":0},{"piece":{"piece_name":"__6-5__","piece_color":"","x_cord":6,"y_cord":5},"x":0,"y":0},{"piece":{"piece_name":"__6-6__","piece_color":"","x_cord":6,"y_cord":6},"x":0,"y":0},{"piece":{"piece_name":"__6-7__","piece_color":"","x_cord":6,"y_cord":7},"x":0,"y":0}],[{"piece":{"piece_name":"__7-0__","piece_color":"","x_cord":7,"y_cord":0},"x":0,"y":0},{"piece":{"piece_name":"_WRK-2_","piece_color":"W","x_cord":6,"y_cord":0},"x":0,"y":0},{"piece":{"piece_name":"__7-2__","piece_color":"","x_cord":7,"y_cord":2},"x":0,"y":0},{"piece":{"piece_name":"__7-3__","piece_color":"","x_cord":7,"y_cord":3},"x":0,"y":0},{"piece":{"piece_name":"__7-4__","piece_color":"","x_cord":7,"y_cord":4},"x":0,"y":0},{"piece":{"piece_name":"__7-5__","piece_color":"","x_cord":7,"y_cord":5},"x":0,"y":0},{"piece":{"piece_name":"__7-6__","piece_color":"","x_cord":7,"y_cord":6},"x":0,"y":0},{"piece":{"piece_name":"__7-7__","piece_color":"","x_cord":7,"y_cord":7},"x":0,"y":0}]]